{
  "project_info": {
    "project_number": "310170947836",
    "firebase_url": "https://authtodolist.firebaseio.com",
    "project_id": "authtodolist",
    "storage_bucket": "authtodolist.appspot.com"
  },
  "client": [
    {
      "client_info": {
        "mobilesdk_app_id": "1:310170947836:android:631725f5a283bfff",
        "android_client_info": {
          "package_name": "com.example.ubitian.authtodolist"
        }
      },
      "oauth_client": [
        {
          "client_id": "310170947836-3e14dac540bdjnljd3d9judekan1ujvj.apps.googleusercontent.com",
          "client_type": 3
        }
      ],
      "api_key": [
        {
          "current_key": "AIzaSyAnprsHy7MBKOcayhMuGZYQ-Fi2W9s6zak"
        }
      ],
      "services": {
        "analytics_service": {
          "status": 1
        },
        "appinvite_service": {
          "status": 1,
          "other_platform_oauth_client": []
        },
        "ads_service": {
          "status": 2
        }
      }
    }
  ],
  "configuration_version": "1"
}